Project Name,Domain,skill1,skill2,skill3,skill4,skill5,skill6
E-commerce Shopping App,App Development,JavaScript,Node.js,React Native,MongoDB,RESTful APIs,Firebase
Social Media Platform,App Development,Python,Django,React,PostgreSQL,RESTful APIs,WebSockets
Fitness Tracker App,App Development,Kotlin,Firebase,SQLite,Google Maps API,Push Notifications,OAuth2
Food Delivery Service,App Development,Java,Spring Boot,MySQL,RESTful APIs,Google Maps API,Stripe API
Language Learning App,App Development,Swift,Firebase,Core Data,Speech-to-Text API,In-App Purchases,ARKit
Project Management Tool,App Development,JavaScript,Node.js,React,MongoDB,JWT Authentication,RESTful APIs
Meditation and Wellness App,App Development,Flutter,Dart,Firebase,SQLite,OAuth2,Video Streaming API
Budgeting and Finance App,App Development,Python,Flask,SQLite,RESTful APIs,Chart.js,Authentication
Job Search Portal,App Development,Ruby,Rails,PostgreSQL,Elasticsearch,OAuth2,AWS EC2
Online Learning Platform,App Development,PHP,Laravel,MySQL,Video Streaming API,Stripe API,JWT Authentication
Weather Forecast App,App Development,Kotlin,Retrofit,SQLite,OpenWeather API,Firebase,Geolocation Services
Recipe Sharing App,App Development,Swift,Core Data,Firebase,Cloud Storage,Authentication,Social Sharing
Healthcare Appointment App,App Development,Java,Android SDK,MySQL,Firebase,Calendar API,Google Maps API
Travel Booking App,App Development,Python,Flask,PostgreSQL,Google Maps API,Payment Gateway,OAuth2
Inventory Management App,App Development,JavaScript,Node.js,MongoDB,Chart.js,RESTful APIs,WebSockets
Real Estate Finder App,App Development,Swift,Firebase,Core Location,Google Maps API,In-App Purchases,ARKit
Quiz and Trivia Game,App Development,Kotlin,Firebase,SQLite,Google Play Games,AdMob Integration,Analytics
Cryptocurrency Tracker,App Development,Flutter,Dart,RESTful APIs,Firebase,WebSockets,Chart.js
Virtual Event Platform,App Development,JavaScript,Node.js,React,WebRTC,Firebase,Stripe API
Podcast Streaming App,App Development,Swift,Firebase,Core Data,AVFoundation,Authentication,Audio Streaming
To-do List with Reminders,App Development,JavaScript,Node.js,MongoDB,JWT Authentication,RESTful APIs,Calendar Integration
Car Rental Service,App Development,Python,Django,PostgreSQL,Google Maps API,Payment Gateway,OAuth2
Local News App,App Development,Kotlin,Firebase,SQLite,News API,Push Notifications,Geolocation Services
Shopping List Organizer,App Development,JavaScript,Node.js,React,Firebase,RESTful APIs,Notifications
Task Management Tool,App Development,Java,Spring Boot,MySQL,JWT Authentication,RESTful APIs,WebSockets
Language Translation App,App Development,Swift,Firebase,Core ML,Google Translate API,In-App Purchases,Push Notifications
Student Management System,App Development,PHP,Laravel,MySQL,RESTful APIs,Authentication,Email Integration
On-Demand Video Streaming,App Development,Python,Flask,SQLite,Firebase,Video Streaming API,JWT Authentication
Food Donation App,App Development,JavaScript,Node.js,MongoDB,Google Maps API,Stripe API,Authentication
E-Library App,App Development,Java,Android SDK,Firebase,SQLite,PDF Viewer API,Push Notifications
Donation Platform,App Development,Ruby,Rails,PostgreSQL,Stripe API,OAuth2,AWS S3
Smart Home Control App,App Development,Kotlin,Firebase,MQTT,Google Assistant SDK,Authentication,IoT Integration
Property Listing App,App Development,Swift,Firebase,Core Location,Google Maps API,Stripe API,Push Notifications
Food Recipe Finder,App Development,Java,Spring Boot,MySQL,Google Cloud Vision,RESTful APIs,Push Notifications
Personal Budget Planner,App Development,Python,Django,SQLite,RESTful APIs,Chart.js,Notifications
Event Planner,App Development,PHP,Laravel,MySQL,Calendar API,Stripe API,Email Notifications
Real-Time Chat Application,App Development,JavaScript,Node.js,React,WebSockets,Firebase,Authentication
Grocery Delivery App,App Development,Kotlin,Firebase,SQLite,Google Maps API,Payment Gateway,Authentication
Blogging Platform,App Development,Ruby,Rails,PostgreSQL,AWS S3,OAuth2,Email Notifications
Habit Tracker,App Development,Java,Spring Boot,MySQL,Firebase,RESTful APIs,Notifications
Currency Converter,App Development,JavaScript,Node.js,React,Currency Exchange API,Firebase,Push Notifications
Photo Editing App,App Development,Swift,Core Image,Firebase,AVFoundation,In-App Purchases,Cloud Storage
Job Application Tracker,App Development,Python,Django,SQLite,RESTful APIs,Email Integration,Push Notifications
Digital Wallet,App Development,Java,Spring Boot,MySQL,Stripe API,Firebase,Payment Integration
Restaurant Finder,App Development,Kotlin,Firebase,SQLite,Google Maps API,In-App Purchases,Reviews and Ratings
Digital Notebook,App Development,JavaScript,Node.js,MongoDB,JWT Authentication,RESTful APIs,Note Sharing
Property Rental App,App Development,Swift,Firebase,Core Location,Google Maps API,Stripe API,Push Notifications
Quiz Generator,App Development,Python,Flask,SQLite,Firebase,OAuth2,Notifications
Calendar and Reminder App,App Development,JavaScript,Node.js,React,Firebase,Push Notifications,JWT Authentication
Language Practice Chatbot,App Development,Python,Flask,SQLite,Natural Language Toolkit,Firebase,WebSockets
Music Streaming App,App Development,Swift,Firebase,Core Data,AVFoundation,In-App Purchases,Audio Streaming
Survey Creation App,App Development,JavaScript,Node.js,MongoDB,RESTful APIs,Chart.js,Notifications
Cryptocurrency Wallet,Blockchain,Solidity,JavaScript,Web3.js,Ethereum,IPFS,Metamask API
Smart Contract Voting System,Blockchain,Solidity,Truffle,Web3.js,Ethereum,Node.js,Ganache
Decentralized Exchange,Blockchain,Solidity,Web3.js,Ethereum,IPFS,Node.js,PostgreSQL
Blockchain-based Supply Chain,Blockchain,Solidity,Truffle,Hyperledger Fabric,IBM Blockchain,Docker,PostgreSQL
Identity Verification System,Cybersecurity,Python,Django,JWT Authentication,PostgreSQL,OAuth2,OpenID Connect
Penetration Testing Tool,Cybersecurity,Python,Kali Linux,Metasploit,Burp Suite,Nmap,SQLmap
Secure File Storage System,Cybersecurity,Java,Spring Boot,AES Encryption,JWT Authentication,MongoDB,SSL/TLS
Blockchain-based Voting App,Blockchain,Solidity,React,Web3.js,IPFS,Ethereum,Ganache
Decentralized Data Marketplace,Blockchain,Solidity,Truffle,Web3.js,Ethereum,MongoDB,IPFS
Incident Response System,Cybersecurity,Python,Flask,SQLAlchemy,Splunk,Elastic Stack,NIST Cybersecurity
Cryptocurrency Price Tracker,Blockchain,JavaScript,Node.js,CoinGecko API,React,MongoDB,JWT Authentication
Secure Messaging App,Cybersecurity,Python,Django,WebSocket Protocol,End-to-End Encryption,PostgreSQL,OAuth2
Tokenized Real Estate Platform,Blockchain,Solidity,React,Web3.js,Ethereum,IPFS,Ganache
Intrusion Detection System,Cybersecurity,Python,Snort,Suricata,Kibana,Elasticsearch,Logstash
NFT Marketplace,Blockchain,Solidity,JavaScript,Web3.js,IPFS,Metamask API,MongoDB
Blockchain-based Payment Gateway,Blockchain,Solidity,Hyperledger Fabric,Node.js,Web3.js,Stripe API,PostgreSQL
Threat Intelligence Platform,Cybersecurity,Python,Splunk,Elastic Stack,IBM QRadar,Machine Learning,PostgreSQL
Decentralized Cloud Storage,Blockchain,Solidity,IPFS,Truffle,Web3.js,Ethereum,Docker
Blockchain Identity Management,Blockchain,Solidity,Hyperledger Fabric,MongoDB,Truffle,Docker,Kubernetes
Malware Analysis Tool,Cybersecurity,Python,YARA,Wireshark,Cuckoo Sandbox,Assembly Language,VirtualBox
Decentralized Social Network,Blockchain,Solidity,React,Web3.js,IPFS,Ethereum,Ganache
Secure Voting System,Cybersecurity,Python,Django,End-to-End Encryption,JWT Authentication,PostgreSQL,OAuth2
Blockchain-based Notary System,Blockchain,Solidity,Node.js,Web3.js,IPFS,Truffle,MongoDB
Blockchain Crowdfunding Platform,Blockchain,Solidity,React,Web3.js,Ethereum,Ganache,IPFS
Password Manager with Encryption,Cybersecurity,Python,AES Encryption,Django,SQLAlchemy,JWT Authentication,PostgreSQL
Decentralized Autonomous Organization,Blockchain,Solidity,Web3.js,Ethereum,IPFS,Node.js,Ganache
Cybersecurity Vulnerability Scanner,Cybersecurity,Python,OpenVAS,Nmap,Metasploit,SQLmap,Burp Suite
Secure IoT Device Management,Cybersecurity,C,MQTT,OpenSSL,SSL/TLS,OAuth2,Kubernetes
Blockchain Healthcare Data System,Blockchain,Solidity,Hyperledger Fabric,IBM Blockchain,MongoDB,Docker,Kubernetes
Network Traffic Analyzer,Cybersecurity,Python,Wireshark,Tcpdump,Elasticsearch,Logstash,Kibana
Decentralized Energy Trading Platform,Blockchain,Solidity,Truffle,Web3.js,Ethereum,IPFS,Docker
Smart Contract Insurance Platform,Blockchain,Solidity,Web3.js,Node.js,IPFS,MongoDB,Ganache
Cloud Security Monitoring Tool,Cybersecurity,Python,AWS CloudTrail,Splunk,Kibana,Docker,Elasticsearch
Blockchain-based Voting System,Blockchain,Solidity,Hyperledger Fabric,Truffle,Web3.js,IPFS,Docker
Mobile Payment System with Blockchain,Blockchain,Kotlin,Web3.js,Solidity,Ethereum,MongoDB,IPFS
Secure VPN Service,Cybersecurity,C++,OpenVPN,OpenSSL,SSL/TLS,Radius Server,OAuth2
Blockchain-based Music Platform,Blockchain,Solidity,Truffle,IPFS,Web3.js,Ethereum,MongoDB
Cybersecurity Awareness Quiz,Cybersecurity,JavaScript,React,Node.js,Firebase,Authentication,Data Encryption
Distributed Ledger for Financial Data,Blockchain,Solidity,Hyperledger Fabric,IBM Blockchain,MongoDB,Docker,Kubernetes
Mobile Authentication System,Cybersecurity,Java,Spring Boot,JWT Authentication,PostgreSQL,OAuth2,SSL/TLS
Blockchain-based Real Estate Registry,Blockchain,Solidity,Web3.js,Ethereum,IPFS,MongoDB,Ganache
Incident Management Dashboard,Cybersecurity,Python,Flask,Elastic Stack,Splunk,PostgreSQL,Docker
Blockchain Reward System,Blockchain,Solidity,Truffle,Web3.js,Node.js,Ethereum,IPFS
Digital Certificate Authentication,Cybersecurity,Python,Django,OpenSSL,PostgreSQL,SSL/TLS,OAuth2
Secure Medical Records,Cybersecurity,Java,Spring Boot,AES Encryption,PostgreSQL,SSL/TLS,OAuth2
Decentralized Art Marketplace,Blockchain,Solidity,Web3.js,React,IPFS,Ethereum,Truffle
Biometric Authentication System,Cybersecurity,Python,OpenCV,Face Recognition API,SQLAlchemy,JWT Authentication,PostgreSQL
Secure Document Storage System,Cybersecurity,Python,AES Encryption,Django,SQLAlchemy,JWT Authentication,PostgreSQL
Blockchain Supply Chain Provenance,Blockchain,Solidity,Hyperledger Fabric,IBM Blockchain,MongoDB,Docker,Kubernetes
Phishing Detection System,Cybersecurity,Python,Machine Learning,Scikit-Learn,Email Analysis,SQLAlchemy,Postgres
Predicting Housing Prices,Data Science,Python,Pandas,Scikit-Learn,Matplotlib,SQL,Flask
Customer Churn Prediction,Data Science,Python,R,Scikit-Learn,Tableau,SQL,Flask
Sentiment Analysis on Tweets,Data Science,Python,NLTK,Scikit-Learn,SQL,Flask,JavaScript
Real-time Face Detection,Data Science,Python,OpenCV,TensorFlow,Docker,Flask,JavaScript
Recommender System for E-commerce,Data Science,Python,Scikit-Learn,SQL,Docker,Django,Tableau
Fraud Detection in Banking,Data Science,Python,R,Scikit-Learn,SQL,AWS,Tableau
Stock Market Prediction,Data Science,Python,TensorFlow,Keras,SQL,Flask,JavaScript
Disease Prediction Using Symptoms,Data Science,Python,Scikit-Learn,Pandas,Django,MongoDB,HTML/CSS
Image Classification,Data Science,Python,Keras,TensorFlow,Docker,JavaScript,Flask
Chatbot Development,Data Science,Python,TensorFlow,NLTK,Django,Node.js,MongoDB
Time Series Forecasting,Data Science,Python,R,Statsmodels,SQL,Tableau,Flask
Customer Segmentation,Data Science,Python,Scikit-Learn,SQL,Tableau,AWS,Flask
NLP-based Text Summarization,Data Science,Python,NLTK,Flask,JavaScript,Docker,HTML/CSS
Social Media Sentiment Analysis,Data Science,Python,NLTK,Scikit-Learn,SQL,Tableau,Flask
E-commerce Sales Analysis,Data Science,Python,SQL,Power BI,JavaScript,Flask,Pandas
Anomaly Detection,Data Science,Python,Scikit-Learn,SQL,Tableau,R,Django
Weather Prediction System,Data Science,Python,TensorFlow,Keras,SQL,Flask,JavaScript
Object Detection in Images,Data Science,Python,OpenCV,Keras,TensorFlow,Docker,Flask
Network Intrusion Detection,Data Science,Python,Scikit-Learn,SQL,Tableau,JavaScript,Flask
Movie Recommendation System,Data Science,Python,Scikit-Learn,SQL,Tableau,Flask,JavaScript
Predicting Credit Score,Data Science,Python,Scikit-Learn,Pandas,SQL,Flask,Tableau
Loan Eligibility Prediction,Data Science,Python,R,Scikit-Learn,SQL,Power BI,Flask
Real-Time Object Tracking,Data Science,Python,OpenCV,TensorFlow,Docker,Flask,JavaScript
Text Classification,Data Science,Python,NLTK,Scikit-Learn,SQL,Tableau,JavaScript
Product Sales Forecasting,Data Science,Python,Statsmodels,SQL,Scikit-Learn,Flask,Tableau
Voice Recognition,Data Science,Python,TensorFlow,NLTK,JavaScript,Flask,Docker
Road Traffic Prediction,Data Science,Python,TensorFlow,Keras,SQL,Flask,Tableau
Customer Lifetime Value Prediction,Data Science,Python,Scikit-Learn,Pandas,SQL,Power BI,Flask
Crop Yield Prediction,Data Science,Python,Scikit-Learn,Pandas,SQL,Tableau,Flask
Market Basket Analysis,Data Science,Python,R,Pandas,SQL,Tableau,Flask
Demand Forecasting,Data Science,Python,Statsmodels,SQL,Scikit-Learn,Flask,Tableau
Optical Character Recognition,Data Science,Python,OpenCV,TensorFlow,Docker,Flask,JavaScript
Keyword Extraction,Data Science,Python,NLTK,Scikit-Learn,SQL,Flask,HTML/CSS
Document Classification,Data Science,Python,Scikit-Learn,SQL,Tableau,Flask,JavaScript
Bank Note Authentication,Data Science,Python,Scikit-Learn,SQL,Tableau,Power BI,Flask
Spam Email Detection,Data Science,Python,Scikit-Learn,SQL,Tableau,NLTK,Flask
Age and Gender Prediction,Data Science,Python,OpenCV,TensorFlow,Flask,Docker,JavaScript
Object Counting in Images,Data Science,Python,OpenCV,TensorFlow,Docker,Flask,SQL
Air Quality Index Prediction,Data Science,Python,Scikit-Learn,SQL,Power BI,Flask,Tableau
Speech Emotion Recognition,Data Science,Python,TensorFlow,NLTK,Flask,Docker,JavaScript
Human Activity Recognition,Data Science,Python,Scikit-Learn,SQL,Tableau,Flask,Docker
Breast Cancer Prediction,Data Science,Python,Scikit-Learn,Pandas,SQL,Flask,Tableau
Face Mask Detection,Data Science,Python,OpenCV,TensorFlow,Docker,Flask,JavaScript
Toxic Comment Classification,Data Science,Python,NLTK,Scikit-Learn,SQL,Flask,HTML/CSS
Heart Disease Prediction,Data Science,Python,Scikit-Learn,Pandas,SQL,Flask,Tableau
Handwritten Digit Recognition,Data Science,Python,OpenCV,Keras,Docker,Flask,JavaScript
Attendance System Using Face Recognition,Data Science,Python,OpenCV,TensorFlow,SQL,Flask,JavaScript
House Price Prediction (Advanced),Data Science,Python,R,Scikit-Learn,Tableau,SQL,Flask
Text Similarity Measurement,Data Science,Python,NLTK,Scikit-Learn,SQL,Flask,Docker
Employee Attrition Prediction,Data Science,Python,Scikit-Learn,SQL,Tableau,Flask,JavaScript
Energy Consumption Prediction,Data Science,Python,Scikit-Learn,SQL,Tableau,Flask,Docker
Loan Default Prediction,Machine Learning,Python,Scikit-Learn,Pandas,SQL,Flask,Tableau
Handwritten Digit Recognition,Machine Learning,Python,Keras,TensorFlow,Docker,Flask,OpenCV
Breast Cancer Prediction,Machine Learning,Python,Scikit-Learn,Pandas,SQL,Tableau,Flask
Stock Price Prediction,Machine Learning,Python,TensorFlow,Keras,Pandas,SQL,Flask
Real-Time Object Detection,Machine Learning,Python,OpenCV,TensorFlow,Docker,Flask,JavaScript
Customer Segmentation,Machine Learning,Python,Scikit-Learn,Pandas,SQL,Power BI,Flask
Social Media Sentiment Analysis,Machine Learning,Python,NLTK,Scikit-Learn,SQL,Tableau,Flask
Image Colorization,Machine Learning,Python,OpenCV,Keras,TensorFlow,Docker,Flask
Disease Diagnosis System,Machine Learning,Python,Scikit-Learn,SQL,Pandas,Tableau,Flask
Object Tracking in Videos,Machine Learning,Python,OpenCV,TensorFlow,Docker,Flask,JavaScript
Anomaly Detection in Network Traffic,Machine Learning,Python,Scikit-Learn,SQL,Tableau,Docker,Flask
Crop Disease Detection,Machine Learning,Python,OpenCV,TensorFlow,Docker,Flask,JavaScript
Predicting Housing Prices,Machine Learning,Python,Scikit-Learn,Pandas,SQL,Flask,Tableau
Traffic Sign Classification,Machine Learning,Python,Keras,TensorFlow,OpenCV,Docker,Flask
Credit Scoring System,Machine Learning,Python,Scikit-Learn,SQL,Pandas,Flask,Tableau
Image Captioning,Machine Learning,Python,TensorFlow,NLTK,Docker,Flask,JavaScript
Energy Demand Forecasting,Machine Learning,Python,Scikit-Learn,Pandas,SQL,Flask,Tableau
Real-Time Speech Recognition,Machine Learning,Python,TensorFlow,NLTK,Docker,Flask,JavaScript
Predicting Customer Lifetime Value,Machine Learning,Python,Scikit-Learn,Pandas,SQL,Power BI,Flask
Document Classification,Machine Learning,Python,NLTK,Scikit-Learn,SQL,Tableau,Flask
Text Summarization,Machine Learning,Python,NLTK,Scikit-Learn,SQL,Flask,Docker
Automated Essay Grading,Machine Learning,Python,NLTK,Scikit-Learn,SQL,Flask,Tableau
Recommender System for Movies,Machine Learning,Python,Scikit-Learn,SQL,Flask,Tableau,JavaScript
Heart Disease Prediction,Machine Learning,Python,Scikit-Learn,Pandas,SQL,Flask,Tableau
Object Counting in Images,Machine Learning,Python,OpenCV,TensorFlow,Docker,Flask,SQL
Machine Translation,Machine Learning,Python,TensorFlow,NLTK,Docker,Flask,JavaScript
Traffic Volume Prediction,Machine Learning,Python,TensorFlow,Pandas,SQL,Flask,Tableau
Sales Forecasting for Retail,Machine Learning,Python,Statsmodels,Pandas,SQL,Power BI,Flask
Keyword Extraction,Machine Learning,Python,NLTK,Scikit-Learn,SQL,Flask,HTML/CSS
Email Spam Detection,Machine Learning,Python,Scikit-Learn,NLTK,SQL,Flask,Docker
Weather Forecasting,Machine Learning,Python,TensorFlow,Keras,SQL,Flask,Tableau
Optical Character Recognition,Machine Learning,Python,OpenCV,TensorFlow,Docker,Flask,JavaScript
Named Entity Recognition,Machine Learning,Python,NLTK,Scikit-Learn,SQL,Flask,Docker
Chatbot Using NLP,Machine Learning,Python,TensorFlow,NLTK,Flask,Docker,JavaScript
Market Basket Analysis,Machine Learning,Python,R,Pandas,SQL,Tableau,Flask
Price Optimization for E-commerce,Machine Learning,Python,Scikit-Learn,SQL,Pandas,Power BI,Flask
Face Recognition Attendance System,Machine Learning,Python,OpenCV,TensorFlow,SQL,Flask,JavaScript
Toxic Comment Classification,Machine Learning,Python,NLTK,Scikit-Learn,SQL,Flask,HTML/CSS
Road Accident Severity Prediction,Machine Learning,Python,Scikit-Learn,SQL,Tableau,Flask,Docker
House Price Prediction (Advanced),Machine Learning,Python,R,Scikit-Learn,SQL,Tableau,Flask
Human Activity Recognition,Machine Learning,Python,TensorFlow,Pandas,SQL,Docker,Flask
Predicting Employee Turnover,Machine Learning,Python,Scikit-Learn,SQL,Tableau,Flask,JavaScript
Fake News Detection,Machine Learning,Python,NLTK,Scikit-Learn,SQL,Flask,Docker
Customer Purchase Prediction,Machine Learning,Python,Scikit-Learn,SQL,Tableau,Flask,Pandas
Airline Price Prediction,Machine Learning,Python,Scikit-Learn,Pandas,SQL,Flask,Tableau
Real-Time Fraud Detection,Machine Learning,Python,Scikit-Learn,SQL,Docker,Flask,JavaScript
Predicting Disease Outbreaks,Machine Learning,Python,TensorFlow,Pandas,SQL,Flask,Tableau
Text Similarity Matching,Machine Learning,Python,NLTK,Scikit-Learn,SQL,Flask,Docker
House Price Estimator Using Ensemble,Machine Learning,Python,Scikit-Learn,Pandas,SQL,Flask,Tableau
Employee Attrition Analysis,Machine Learning,Python,Scikit-Learn,SQL,Tableau,Flask,JavaScript
Object Counting in Videos,Machine Learning,Python,OpenCV,TensorFlow,Docker,Flask,SQL
E-commerce App,Mobile App,Java,Node.js,React,MySQL,Stripe API,Firebase
Social Media App,Mobile App,React Native,Firebase,Node.js,MongoDB,WebSockets,GraphQL
Fitness Tracker App,Mobile App,Java,Node.js,SQLite,AWS,React,Flutter
Online Learning Platform,Web App,JavaScript,Node.js,React,MongoDB,Firebase,AWS
Ride-Hailing App,Mobile App,Kotlin,Firebase,Google Maps,Node.js,Stripe API,React
Event Management App,Mobile App,Flutter,Firebase,Node.js,PostgreSQL,React,AWS
Recipe and Cooking App,Mobile App,Kotlin,Firebase,Node.js,MongoDB,Swift,AWS
Banking and Finance App,Mobile App,Java,Python,Node.js,PostgreSQL,Stripe API,JWT
Healthcare Appointment Booking,Mobile App,React,Node.js,Firebase,PostgreSQL,AWS,Twilio API
Travel Booking App,Mobile App,Swift,React,Firebase,Node.js,Stripe API,Google API
Cloud-based File Storage System,Cloud,Java,Python,AWS,Docker,MongoDB,Node.js
Cloud Collaboration Tools,Cloud,JavaScript,Node.js,Firebase,PostgreSQL,AWS,Socket.io
SaaS Platform for CRM,Cloud,Ruby,Node.js,PostgreSQL,Docker,Firebase,AWS
Mobile Gaming App (2D),Gaming,C#,Unity,JavaScript,Node.js,Firebase,WebGL
AR Game Development,Gaming,C#,Unity,Swift,ARCore,Firebase,OpenGL
VR Game Development,Gaming,C#,Unity,Unreal,WebGL,OpenVR,Firebase
AI-powered Game,Gaming,Python,TensorFlow,Unity,Node.js,React,Firebase
Autonomous Delivery Robot,Robotics,C++,ROS,Python,OpenCV,TensorFlow,Docker
Robot Arm Control System,Robotics,C++,Python,ROS,OpenCV,TensorFlow,Linux
Robotic Process Automation,Robotics,Python,UiPath,Java,C#,Node.js,REST API
Swarm Robotics,Robotics,C++,ROS,Python,OpenCV,Node.js,MQTT
IoT Home Automation,Embedded Systems,C,Python,Arduino,MQTT,Node.js,AWS IoT
Smart Wearable Health Device,Embedded Systems,C,Python,ARM,Bluetooth,React,AWS
Smart Agriculture System,Embedded Systems,C,Python,Arduino,IoT,Firebase,AWS
Home Security System,Embedded Systems,C,Python,Raspberry Pi,MQTT,Node.js,AWS
Real-time Traffic Monitoring,Embedded Systems,C,Python,Node.js,MongoDB,Raspberry Pi,AWS
Industrial Automation System,Embedded Systems,C,Python,PLC,IoT,Node.js,AWS IoT
Smart Grid Energy Management,Embedded Systems,C,Python,IoT,Node.js,Firebase,AWS
Smart Metering System,Embedded Systems,C,Python,Node.js,IoT,Firebase,AWS
Automated Car Parking System,Embedded Systems,C,Python,Raspberry Pi,IoT,Node.js,MQTT
IoT Healthcare Monitoring System,Embedded Systems,C,Python,Arduino,IoT,Firebase,AWS
Real-time Vehicle Tracking System,Embedded Systems,C,Python,Raspberry Pi,GPS,Node.js,AWS IoT
Smart Irrigation System,Embedded Systems,C,Python,IoT,Raspberry Pi,Node.js,AWS
Robotic Lawn Mower,Robotics,C++,ROS,Python,OpenCV,TensorFlow,Node.js
Voice-activated Smart Home,Embedded Systems,Python,C,IoT,Raspberry Pi,Node.js,AWS
Wearable GPS Tracker,Embedded Systems,C,Python,GPS,IoT,Firebase,AWS
Wearable Fitness Tracker,Embedded Systems,C,Python,ARM,Bluetooth,Node.js,Firebase
Image Classification (CIFAR-10),Deep Learning,Python,TensorFlow,Keras,CNN,NumPy,OpenCV
Object Detection (YOLO),Deep Learning,Python,TensorFlow,Keras,OpenCV,CNN,Flask
Natural Language Processing (NLP),Deep Learning,Python,TensorFlow,Hugging Face,Transformers,NLP,Scikit-learn
Speech Recognition (DeepSpeech),Deep Learning,Python,TensorFlow,DeepSpeech,Librosa,Keras,NumPy
Face Recognition (FaceNet),Deep Learning,Python,TensorFlow,Keras,OpenCV,CNN,NumPy
Sentiment Analysis,Deep Learning,Python,PyTorch,NLTK,RNN,Transformers,Scikit-learn
Style Transfer (Image),Deep Learning,Python,PyTorch,TensorFlow,GANs,OpenCV,NumPy
Autonomous Vehicle (Lane Detection),Deep Learning,Python,TensorFlow,Keras,OpenCV,CNN,PIL
Time Series Forecasting,Deep Learning,Python,Keras,LSTM,Pandas,NumPy,Matplotlib
AI Chatbot Development,Deep Learning,Python,TensorFlow,Keras,NLP,Seq2Seq,Flask
Deep Reinforcement Learning (CartPole),Deep Learning,Python,PyTorch,Gym,NumPy,TensorFlow,OpenAI
Object Tracking in Videos,Deep Learning,Python,OpenCV,Keras,TensorFlow,CNN,NumPy
Generative Adversarial Networks (GANs),Deep Learning,Python,TensorFlow,Keras,GANs,PyTorch,NumPy
Image Captioning,Deep Learning,Python,Keras,TensorFlow,RNN,CNN,NumPy
Handwriting Recognition,Deep Learning,Python,TensorFlow,Keras,CNN,OpenCV,NumPy
Object Segmentation (U-Net),Deep Learning,Python,TensorFlow,Keras,U-Net,OpenCV,NumPy
AI-powered Recommendation System,Deep Learning,Python,TensorFlow,Keras,Collaborative Filtering,Matrix Factorization,Scikit-learn
Medical Image Analysis (CT Scan),Deep Learning,Python,TensorFlow,Keras,CNN,NumPy,OpenCV
Pose Estimation,Deep Learning,Python,TensorFlow,Keras,OpenCV,CNN,NumPy
Neural Machine Translation (NMT),Deep Learning,Python,TensorFlow,Keras,Seq2Seq,LSTM,NLP
"Music Generation (RNN, LSTM)",Deep Learning,Python,TensorFlow,Keras,LSTM,PyTorch,NumPy
Stock Market Prediction (LSTM),Deep Learning,Python,TensorFlow,Keras,LSTM,Pandas,NumPy
Semantic Segmentation (DeepLab),Deep Learning,Python,TensorFlow,Keras,CNN,OpenCV,NumPy
Image Denoising (Autoencoders),Deep Learning,Python,TensorFlow,Keras,Autoencoders,CNN,NumPy
Video Classification,Deep Learning,Python,PyTorch,TensorFlow,CNN,RNN,NumPy
Speech Synthesis (Text to Speech),Deep Learning,Python,TensorFlow,Tacotron,Keras,Librosa,NumPy
Facial Emotion Recognition,Deep Learning,Python,Keras,TensorFlow,CNN,OpenCV,NumPy
Object Detection (Faster R-CNN),Deep Learning,Python,PyTorch,TensorFlow,Keras,CNN,OpenCV
Text Summarization (BERT),Deep Learning,Python,Hugging Face,BERT,Transformers,NLP,TensorFlow
Video Generation (GAN),Deep Learning,Python,TensorFlow,Keras,GANs,OpenCV,NumPy
Image Super-Resolution,Deep Learning,Python,TensorFlow,Keras,Super-Resolution,CNN,OpenCV
Drug Discovery,Deep Learning,Python,TensorFlow,Keras,CNN,DeepChem,NumPy
AI-based Fraud Detection,Deep Learning,Python,TensorFlow,Keras,RNN,Scikit-learn,Pandas
Medical Diagnosis (X-ray),Deep Learning,Python,TensorFlow,Keras,CNN,OpenCV,NumPy
Character Recognition (OCR),Deep Learning,Python,TensorFlow,Keras,OpenCV,CNN,Tesseract
Action Recognition in Videos,Deep Learning,Python,Keras,TensorFlow,CNN,RNN,OpenCV
3D Object Reconstruction,Deep Learning,Python,TensorFlow,Keras,CNN,OpenCV,NumPy
Image Style Transfer,Deep Learning,Python,TensorFlow,Keras,GANs,OpenCV,NumPy
Text Classification,Deep Learning,Python,Keras,TensorFlow,RNN,NLP,Scikit-learn
Deep Learning for Anomaly Detection,Deep Learning,Python,PyTorch,Keras,Autoencoders,TensorFlow,Scikit-learn
